"Track URI","Track Name","Artist URI(s)","Artist Name(s)","Album URI","Album Name","Album Artist URI(s)","Album Artist Name(s)","Album Release Date","Album Image URL","Disc Number","Track Number","Track Duration (ms)","Track Preview URL","Explicit","Popularity","ISRC","Added By","Added At"
"spotify:track:6TfZXov5Cyz5hrV16LmraT","And Then There Was Peace","spotify:artist:5aCO7p9hAgkL2C6TCr93v5","Anton Fargau Petrini","spotify:album:2vt31oLkC783ZLd3LJCGBt","And Then There Was Peace","spotify:artist:5aCO7p9hAgkL2C6TCr93v5","Anton Fargau Petrini","2021-03-19","https://i.scdn.co/image/ab67616d0000b273da47169948eca068eb0eca98","1","2","152400","https://p.scdn.co/mp3-preview/a8aa28a60c1f1d06b86f91c58aca733351218e26?cid=9950ac751e34487dbbe027c4fd7f8e99","false","50","SE5752178418","spotify:user:22fmhktdnoychzqazggsbzgla","2026-06-25T16:02:35Z"
"spotify:track:7hpPCNhDZnQUwrO2dYdnyR","gandalf's fall ~ tolkien lofi","spotify:artist:6vHUuOIt6n6TjRfywPL6Tj","Tanoshi","spotify:album:1hQX6GqjHSYeUwAvptQzh2","gandalf's fall ~ tolkien lofi","spotify:artist:6vHUuOIt6n6TjRfywPL6Tj","Tanoshi","2022-05-20","https://i.scdn.co/image/ab67616d0000b273050faad223020147da3ed71c","1","1","107500","https://p.scdn.co/mp3-preview/305d0b3f449cb428efe12ae06c81bec0b99859be?cid=9950ac751e34487dbbe027c4fd7f8e99","false","28","QZHNB2219446","spotify:user:22fmhktdnoychzqazggsbzgla","2026-06-25T16:02:35Z"
"spotify:track:2p2K1OSRcRuZFmBrnqQt46","La alegria","spotify:artist:7dNg7OLrxcWU9cVe3sQoMV, spotify:artist:1XDkuk3pjmco8Mkd93Qxbu","Scott Rill, Yasmin Levy","spotify:album:1hIRGOqH8X8IVdL8KfiThE","La alegria","spotify:artist:7dNg7OLrxcWU9cVe3sQoMV, spotify:artist:1XDkuk3pjmco8Mkd93Qxbu","Scott Rill, Yasmin Levy","2020-11-11","https://i.scdn.co/image/ab67616d0000b27319e8f1d396041f3fdc1a53e3","1","1","173343","https://p.scdn.co/mp3-preview/b56c536fb6795c31cc67507ba2005920f79fccba?cid=9950ac751e34487dbbe027c4fd7f8e99","false","49","QZNWR2031217","spotify:user:22fmhktdnoychzqazggsbzgla","2026-06-25T16:02:35Z"
"spotify:track:29xF62NdWgHRZA6n75aOrK","Tijuana","spotify:artist:2VXLfW2EYO5KtZHCFQolnt","Elijah Blond","spotify:album:3sRlAG9vnIOpaaZuWJElY1","Tijuana","spotify:artist:2VXLfW2EYO5KtZHCFQolnt","Elijah Blond","2020-09-02","https://i.scdn.co/image/ab67616d0000b273697dfd22c64acca1bbe51a45","1","1","170396","https://p.scdn.co/mp3-preview/03a1e9c991c5d31c406abb58b586732ca8d2769e?cid=9950ac751e34487dbbe027c4fd7f8e99","true","59","QZK6P2056771","spotify:user:22fmhktdnoychzqazggsbzgla","2026-06-25T16:02:35Z"
"spotify:track:2d1MywHy6FwKdzxFuSJnwl","Wrecked","spotify:artist:53XhwfbYqKCa1cC15pYq2q","Imagine Dragons","spotify:album:2qjb5OwlllLLOmrueU08kG","Wrecked","spotify:artist:53XhwfbYqKCa1cC15pYq2q","Imagine Dragons","2021-07-02","https://i.scdn.co/image/ab67616d0000b273ec182939cba3386ddcb93069","1","1","244004","https://p.scdn.co/mp3-preview/6fc886275091b4b847766805f680ac73da6f1b62?cid=9950ac751e34487dbbe027c4fd7f8e99","false","61","USUM72110166","spotify:user:22fmhktdnoychzqazggsbzgla","2026-06-25T16:02:35Z"
"spotify:track:1Xhz3Uqw5JUWzNy9NSJWuY","Grave Bell","spotify:artist:1TpOqFPZPxxeuLHL3oSl2t","Diggy Graves","spotify:album:13nYj3eT7NCNIZxUveLz4f","Grave Bell","spotify:artist:1TpOqFPZPxxeuLHL3oSl2t","Diggy Graves","2024-08-23","https://i.scdn.co/image/ab67616d0000b2731e7c2566d66b5f819eeef3b4","1","1","158161","https://p.scdn.co/mp3-preview/c38502dfa233286df9c5b0ad9633f1974f9c437d?cid=9950ac751e34487dbbe027c4fd7f8e99","true","58","USL4Q2436367","spotify:user:22fmhktdnoychzqazggsbzgla","2026-06-25T16:02:35Z"
"spotify:track:7sWRlDoTDX8geTR8zzr2vt","Hollywood's Bleeding","spotify:artist:246dkjvS1zLTtiykXe5h60","Post Malone","spotify:album:4g1ZRSobMefqF6nelkgibi","Hollywood's Bleeding","spotify:artist:246dkjvS1zLTtiykXe5h60","Post Malone","2019-09-06","https://i.scdn.co/image/ab67616d0000b2739478c87599550dd73bfa7e02","1","1","156266","https://p.scdn.co/mp3-preview/e50a10de5fa1b080975a0f6bfdcd82e0c3b80b52?cid=9950ac751e34487dbbe027c4fd7f8e99","false","75","USUM71915730","spotify:user:22fmhktdnoychzqazggsbzgla","2026-06-25T16:02:35Z"
"spotify:track:2bPWwnf6tYPG447hrHKZ9i","Stoned (OTR Remix)","spotify:artist:44XhQBXnAIhby5VC4GRo81, spotify:artist:0oeUdHJ3cy1oveb8WguJJt","Blondage, OTR","spotify:album:25jUvs4N7lqYQw7rt9mm95","Stoned (OTR Remix)","spotify:artist:44XhQBXnAIhby5VC4GRo81, spotify:artist:0oeUdHJ3cy1oveb8WguJJt","Blondage, OTR","2017-08-25","https://i.scdn.co/image/ab67616d0000b2738a8200c9184bccfda7bd8a53","1","1","181500","https://p.scdn.co/mp3-preview/43457e48f1344e0b177d6959b6a8695d34b37871?cid=9950ac751e34487dbbe027c4fd7f8e99","false","1","DKPF51502101","spotify:user:22fmhktdnoychzqazggsbzgla","2026-06-25T16:02:35Z"
"spotify:track:753lkDSNs2u188xbl8Vrnx","Waiting For Never","spotify:artist:246dkjvS1zLTtiykXe5h60","Post Malone","spotify:album:50MzJhO0pMjTsfpeOmZ1so","Twelve Carat Toothache (Deluxe)","spotify:artist:246dkjvS1zLTtiykXe5h60","Post Malone","2022-06-07","https://i.scdn.co/image/ab67616d0000b27349081408213aac8b6e75e016","1","15","196986","https://p.scdn.co/mp3-preview/7c1a34f04f3ebcd9d54ce5f1354b95000d477165?cid=9950ac751e34487dbbe027c4fd7f8e99","true","67","USUM72210887","spotify:user:22fmhktdnoychzqazggsbzgla","2026-06-25T16:02:35Z"
"spotify:track:0VgkVdmE4gld66l8iyGjgx","Mask Off","spotify:artist:1RyvyyTE3xzB2ZywiAwp0i","Future","spotify:album:17FBoXK1NU2rvJBbzdzw0r","FUTURE","spotify:artist:1RyvyyTE3xzB2ZywiAwp0i","Future","2017-06-30","https://i.scdn.co/image/ab67616d0000b273e0b64c8be3c4e804abcb2696","1","7","204600","https://p.scdn.co/mp3-preview/e0b0055e0d5d4c6513741b840028c0c5579af7f2?cid=9950ac751e34487dbbe027c4fd7f8e99","true","84","USSM11701444","spotify:user:22fmhktdnoychzqazggsbzgla","2026-06-25T16:02:35Z"
"spotify:track:54JbP4PgOMQGowCbCfjCNA","Float","spotify:artist:5fENlrINIVP0gJOtKxvORt","Call Me Karizma","spotify:album:057yHZleUWDU9CKw9ihU2R","Float","spotify:artist:5fENlrINIVP0gJOtKxvORt","Call Me Karizma","2020-04-24","https://i.scdn.co/image/ab67616d0000b27355dc42b1c7f633524806525a","1","1","169093","https://p.scdn.co/mp3-preview/d9cb585e65d93e5f824175aef7076cebacfb3d37?cid=9950ac751e34487dbbe027c4fd7f8e99","false","48","USQX92000312","spotify:user:22fmhktdnoychzqazggsbzgla","2026-06-25T16:02:35Z"
"spotify:track:0gucUyFMFRMlUiVn9US4YX","Losers (Feat. Jelly Roll)","spotify:artist:246dkjvS1zLTtiykXe5h60, spotify:artist:19k8AgwwTSxeaxkOuCQEJs","Post Malone, Jelly Roll","spotify:album:4BbsHmXEghoPPevQjPnHXx","F-1 Trillion","spotify:artist:246dkjvS1zLTtiykXe5h60","Post Malone","2024-08-15","https://i.scdn.co/image/ab67616d0000b27388208159b1b3c69eefdeb2e0","1","10","209038","https://p.scdn.co/mp3-preview/cc6fcec28a707671406f1ca5292e451fca556d10?cid=9950ac751e34487dbbe027c4fd7f8e99","false","72","USUM72405599","spotify:user:22fmhktdnoychzqazggsbzgla","2026-06-25T16:02:35Z"
"spotify:track:0ToRGhN2XSJ2viXeZh17Y3","Wolves (feat. Post Malone)","spotify:artist:0c173mlxpT3dSFRgMO8XPh, spotify:artist:246dkjvS1zLTtiykXe5h60","Big Sean, Post Malone","spotify:album:5iJvtKGTQRIo2KL42xS7JX","Detroit 2 (Deluxe)","spotify:artist:0c173mlxpT3dSFRgMO8XPh","Big Sean","2022-09-19","https://i.scdn.co/image/ab67616d0000b2736bc7f20a88efc5cc056e1195","1","4","199758","https://p.scdn.co/mp3-preview/92dac29304834d377f88e10bed7a3e20cc498d40?cid=9950ac751e34487dbbe027c4fd7f8e99","true","28","USUM72016329","spotify:user:22fmhktdnoychzqazggsbzgla","2026-06-25T16:02:35Z"
"spotify:track:3tJ4y2Zqx6gM9xOAuFfsSF","Cool Girl","spotify:artist:4NHQUGzhtTLFvgF5SZesLK","Tove Lo","spotify:album:1tuekzsMZQOuiMejKP6t2Y","Lady Wood","spotify:artist:4NHQUGzhtTLFvgF5SZesLK","Tove Lo","2016-10-28","https://i.scdn.co/image/ab67616d0000b2739f0c014998bac13d3181474c","1","5","199179","https://p.scdn.co/mp3-preview/2d7256faacce494471c3bc0991e53fac890416cd?cid=9950ac751e34487dbbe027c4fd7f8e99","true","64","SEUM71601198","spotify:user:22fmhktdnoychzqazggsbzgla","2026-06-25T16:02:35Z"
"spotify:track:09IOPhEh1OMe0HD9b36FJk","Over Now","spotify:artist:246dkjvS1zLTtiykXe5h60","Post Malone","spotify:album:6trNtQUgC8cgbWcqoMYkOR","beerbongs & bentleys","spotify:artist:246dkjvS1zLTtiykXe5h60","Post Malone","2018-04-27","https://i.scdn.co/image/ab67616d0000b273b1c4b76e23414c9f20242268","1","7","246986","https://p.scdn.co/mp3-preview/f30208967d575b93399a456b957cab901cf5a7e0?cid=9950ac751e34487dbbe027c4fd7f8e99","true","70","USUM71805169","spotify:user:22fmhktdnoychzqazggsbzgla","2026-06-25T16:02:35Z"
"spotify:track:4FxkQzIhsLAkuiqX5puvU6","Till It's Gone","spotify:artist:68DWke2VjdDmA75aJX5C57","Yelawolf","spotify:album:4mugszxpE45gV3mObOBlpN","Love Story","spotify:artist:68DWke2VjdDmA75aJX5C57","Yelawolf","2015-04-21","https://i.scdn.co/image/ab67616d0000b27385b51e47b16a87b82c252dc5","1","6","275546","https://p.scdn.co/mp3-preview/90267e29cc8ef95c3fc293b9e95da585b70629bf?cid=9950ac751e34487dbbe027c4fd7f8e99","true","68","USUM71413596","spotify:user:22fmhktdnoychzqazggsbzgla","2026-06-25T16:02:35Z"
"spotify:track:0t3ZvGKlmYmVsDzBJAXK8C","Goodbyes (feat. Young Thug)","spotify:artist:246dkjvS1zLTtiykXe5h60, spotify:artist:50co4Is1HCEo8bhOyUWKpn","Post Malone, Young Thug","spotify:album:4g1ZRSobMefqF6nelkgibi","Hollywood's Bleeding","spotify:artist:246dkjvS1zLTtiykXe5h60","Post Malone","2019-09-06","https://i.scdn.co/image/ab67616d0000b2739478c87599550dd73bfa7e02","1","14","174853","https://p.scdn.co/mp3-preview/5eaefa30dfb2fef460bc377f933b570a0c931596?cid=9950ac751e34487dbbe027c4fd7f8e99","true","79","USUM71912330","spotify:user:22fmhktdnoychzqazggsbzgla","2026-06-25T16:02:35Z"
"spotify:track:707d8L3OzWPJSli7qpnejO","Fall In Love - Until The Ribbon Breaks Reimagination","spotify:artist:1l9d7B8W0IHy3LqWsxP2SH, spotify:artist:0PFM64sKw3GG4Sk8kqNIcp","Phantogram, Until The Ribbon Breaks","spotify:album:6Loq9Mr8ncb4eDhJVNm1pf","Fall In Love (Until The Ribbon Breaks Reimagination)","spotify:artist:1l9d7B8W0IHy3LqWsxP2SH","Phantogram","2017-09-01","https://i.scdn.co/image/ab67616d0000b273a6e589e8a7fd7cadb9cded65","1","1","254320","https://p.scdn.co/mp3-preview/ffd2f41b5d366eccc4a69ebe71ab6c1b95ca2c05?cid=9950ac751e34487dbbe027c4fd7f8e99","false","43","USUM71709307","spotify:user:22fmhktdnoychzqazggsbzgla","2026-06-25T16:02:35Z"
"spotify:track:4qmG24ebshLXtKu9HIShBP","Lace It (with Eminem & benny blanco)","spotify:artist:4MCBfE4596Uoi2O4DtmEMz, spotify:artist:7dGJo4pcD2V6oG8kP0tJRR, spotify:artist:5CiGnKThu5ctn9pBxv7DGa","Juice WRLD, Eminem, benny blanco","spotify:album:5nOfPCLpHGpayGrUNHAPLt","Lace It (with Eminem & benny blanco)","spotify:artist:4MCBfE4596Uoi2O4DtmEMz, spotify:artist:7dGJo4pcD2V6oG8kP0tJRR, spotify:artist:5CiGnKThu5ctn9pBxv7DGa","Juice WRLD, Eminem, benny blanco","2023-12-16","https://i.scdn.co/image/ab67616d0000b273e05fe4b697132433e6419d08","1","1","217526","https://p.scdn.co/mp3-preview/b414b595788c45edd3a6c8ef767afca72eab8cc8?cid=9950ac751e34487dbbe027c4fd7f8e99","true","62","USUG12303678","spotify:user:22fmhktdnoychzqazggsbzgla","2026-06-25T16:02:35Z"
"spotify:track:53QA7j4pHWAtbE3D0Glh7Q","You and Me","spotify:artist:68DWke2VjdDmA75aJX5C57","Yelawolf","spotify:album:2dTnaecImWLJOMrJgF5HAt","Ghetto Cowboy","spotify:artist:68DWke2VjdDmA75aJX5C57","Yelawolf","2019-11-01","https://i.scdn.co/image/ab67616d0000b2736594f5017768803de9ddd719","1","10","242001","https://p.scdn.co/mp3-preview/42ca53a61131bf4de523a9d9166e04628a41e4bd?cid=9950ac751e34487dbbe027c4fd7f8e99","true","69","QZHZ41908103","spotify:user:22fmhktdnoychzqazggsbzgla","2026-06-25T16:02:35Z"
"spotify:track:221qmpQeBNV87sUjQeUTVH","Around Me (feat. Don Toliver)","spotify:artist:0iEtIxbK0KxaSlF7G42ZOp, spotify:artist:4Gso3d4CscCijv0lmajZWs","Metro Boomin, Don Toliver","spotify:album:7txGsnDSqVMoRl6RQ9XyZP","HEROES & VILLAINS","spotify:artist:0iEtIxbK0KxaSlF7G42ZOp","Metro Boomin","2022-12-02","https://i.scdn.co/image/ab67616d0000b273c4fee55d7b51479627c31f89","1","7","191520","https://p.scdn.co/mp3-preview/c99c5ea731e64588dc8f3dbb7655602df5ddf12e?cid=9950ac751e34487dbbe027c4fd7f8e99","true","82","USUG12208788","spotify:user:22fmhktdnoychzqazggsbzgla","2026-06-25T16:02:35Z"
"spotify:track:7EiZI6JVHllARrX9PUvAdX","Low Life (feat. The Weeknd)","spotify:artist:1RyvyyTE3xzB2ZywiAwp0i, spotify:artist:1Xyo4u8uXC1ZmMpatF05PJ","Future, The Weeknd","spotify:album:3jJKDKdlwRS584zUlHV2Ly","EVOL","spotify:artist:1RyvyyTE3xzB2ZywiAwp0i","Future","2016-04-13","https://i.scdn.co/image/ab67616d0000b2732f62a05cc754995b544ec1f6","1","10","313546","https://p.scdn.co/mp3-preview/a6c9f83f366b72e2dea1639b108fe9076fad207e?cid=9950ac751e34487dbbe027c4fd7f8e99","true","84","USSM11600557","spotify:user:22fmhktdnoychzqazggsbzgla","2026-06-25T16:02:35Z"
"spotify:track:40V0hYj5mb4C22rse9zpX1","The Grim Weeper","spotify:artist:1TpOqFPZPxxeuLHL3oSl2t","Diggy Graves","spotify:album:1uOR0O1eiHLxQ0ruqy2Bdu","The Grim Weeper","spotify:artist:1TpOqFPZPxxeuLHL3oSl2t","Diggy Graves","2023-10-27","https://i.scdn.co/image/ab67616d0000b2733d318a4d82740d87b4597c29","1","1","185777","https://p.scdn.co/mp3-preview/e9b2bc0b16336ca88c8143f8cb92cfd2b2965a2a?cid=9950ac751e34487dbbe027c4fd7f8e99","true","57","USL4R2326827","spotify:user:22fmhktdnoychzqazggsbzgla","2026-06-25T16:02:35Z"
"spotify:track:05RMPtk5ybYhkuY3qjlaHa","Rasengan","spotify:artist:7hsyLArBqyxYqQF2ODoT3c","Turbo Knight","spotify:album:46rcx1ktEeepldl3FLpIIt","Rasengan","spotify:artist:7hsyLArBqyxYqQF2ODoT3c","Turbo Knight","2018-01-25","https://i.scdn.co/image/ab67616d0000b273b4ba36fd76eeeee551a3a80f","1","1","307545","https://p.scdn.co/mp3-preview/026264eddf24e5d5d401317e7f101540ecae31eb?cid=9950ac751e34487dbbe027c4fd7f8e99","false","39","QZAPG1890817","spotify:user:22fmhktdnoychzqazggsbzgla","2026-06-25T16:02:35Z"
"spotify:track:2CnscesDhDpF7LpURtgBEv","Own Me","spotify:artist:5vBrKGOjN10BMwB0cJADj4","bülow","spotify:album:75OmZv2K9rN3ySHEvc8GIQ","The Contender","spotify:artist:5vBrKGOjN10BMwB0cJADj4","bülow","2019-10-04","https://i.scdn.co/image/ab67616d0000b27387da18a1723e6d4bf79d6051","1","1","209306","https://p.scdn.co/mp3-preview/419f115d193e2dcbbb9c65e8817236de8ff0e663?cid=9950ac751e34487dbbe027c4fd7f8e99","true","50","CAUM71900291","spotify:user:22fmhktdnoychzqazggsbzgla","2026-06-25T16:02:35Z"
"spotify:track:0e7ipj03S05BNilyu5bRzt","rockstar (feat. 21 Savage)","spotify:artist:246dkjvS1zLTtiykXe5h60, spotify:artist:1URnnhqYAYcrqrcwql10ft","Post Malone, 21 Savage","spotify:album:6trNtQUgC8cgbWcqoMYkOR","beerbongs & bentleys","spotify:artist:246dkjvS1zLTtiykXe5h60","Post Malone","2018-04-27","https://i.scdn.co/image/ab67616d0000b273b1c4b76e23414c9f20242268","1","6","218146","https://p.scdn.co/mp3-preview/beb04a51a925ea2ed2fb7c2363b7b3fa37ebc89b?cid=9950ac751e34487dbbe027c4fd7f8e99","true","85","USUM71710087","spotify:user:22fmhktdnoychzqazggsbzgla","2026-06-25T16:02:35Z"
"spotify:track:5cFyEZnK6o05ejxtJ78esm","Numb (feat. DeathbyRomy & PVRIS)","spotify:artist:4u5smJBskI6Adzv08PuiUP, spotify:artist:7aWpPjjgItUnXljFxYYKZI, spotify:artist:6oFs3qk4VepIVFdoD4jmsy","Kiiara, DeathbyRomy, PVRIS","spotify:album:0AUG7Sa8IIiCHTW6GONdf2","lil kiiwi","spotify:artist:4u5smJBskI6Adzv08PuiUP","Kiiara","2020-10-09","https://i.scdn.co/image/ab67616d0000b2733df320c7de5212472b93d4a0","1","10","203158","https://p.scdn.co/mp3-preview/a403e342e47a6b72d97913c75c05b9b399092347?cid=9950ac751e34487dbbe027c4fd7f8e99","true","43","USAT22003172","spotify:user:22fmhktdnoychzqazggsbzgla","2026-06-25T16:02:35Z"
"spotify:track:3kcTFW5BckceRgCXUArQCp","Play Pretend","spotify:artist:1ikID9RZZMvkuBGDWrqajq, spotify:artist:00ikun7J44pU2UOJi2rtwn","Kasbo, Ourchives","spotify:album:4yrjPmonSHiJIHum5TrqEe","The Making of a Paracosm","spotify:artist:1ikID9RZZMvkuBGDWrqajq","Kasbo","2020-10-23","https://i.scdn.co/image/ab67616d0000b2736d2ea01f1b5163f4a0df48a2","1","2","269454","https://p.scdn.co/mp3-preview/07c5c50cfde5114e71b0180956753c1fe2b32d9a?cid=9950ac751e34487dbbe027c4fd7f8e99","false","43","GBCFB1900293","spotify:user:22fmhktdnoychzqazggsbzgla","2026-06-25T16:02:35Z"
"spotify:track:6nwDsRueps9eZU3cQOm28S","Kosandra","spotify:artist:6tqRPlUavLUI398ZRw7M6e, spotify:artist:3TdSq8IneF2qs2NFkwJnHb","yeanix, Real girl","spotify:album:38yWsUCgbxDWoT8xyv0EsZ","Kosandra","spotify:artist:6tqRPlUavLUI398ZRw7M6e, spotify:artist:3TdSq8IneF2qs2NFkwJnHb","yeanix, Real girl","2022-02-26","https://i.scdn.co/image/ab67616d0000b2732fb8dad1c9c9d2c924b20712","1","1","141792","https://p.scdn.co/mp3-preview/af950a0c4a0d693014ac93c756c14ea9bb45b14d?cid=9950ac751e34487dbbe027c4fd7f8e99","false","32","QZPEW2232985","spotify:user:22fmhktdnoychzqazggsbzgla","2026-06-25T16:02:35Z"
"spotify:track:2vXKRlJBXyOcvZYTdNeckS","Lost in the Fire (feat. The Weeknd)","spotify:artist:3hteYQFiMFbJY7wS0xDymP, spotify:artist:1Xyo4u8uXC1ZmMpatF05PJ","Gesaffelstein, The Weeknd","spotify:album:0JA38Ekhsv43y2lBj5GQkQ","Hyperion","spotify:artist:3hteYQFiMFbJY7wS0xDymP","Gesaffelstein","2019-03-08","https://i.scdn.co/image/ab67616d0000b2737842fd51802451ff61483dcf","1","3","202093","https://p.scdn.co/mp3-preview/bb6be3c611177685ba91254a63aae326c6143739?cid=9950ac751e34487dbbe027c4fd7f8e99","true","82","USQX91803314","spotify:user:22fmhktdnoychzqazggsbzgla","2026-06-25T16:02:35Z"
"spotify:track:4MEwDrdghGkdT4tu4O1y4r","Never In The Middle","spotify:artist:0JFKmdLuTj0yZi9P05a85X","Teflon Sega","spotify:album:6VogkCURIQjlRnoMd2xEi2","Welcome To The Mourning Show","spotify:artist:0JFKmdLuTj0yZi9P05a85X","Teflon Sega","2023-04-28","https://i.scdn.co/image/ab67616d0000b27319a07b31c7439026b50810a6","1","7","167875","https://p.scdn.co/mp3-preview/f8ad3ce79d4b63263ecf7784a03a6a2d964cf941?cid=9950ac751e34487dbbe027c4fd7f8e99","true","28","USUYG1418165","spotify:user:22fmhktdnoychzqazggsbzgla","2026-06-25T16:02:35Z"
"spotify:track:7CZyCXKG6d5ALeq41sLzbw","Take What You Want (feat. Ozzy Osbourne & Travis Scott)","spotify:artist:246dkjvS1zLTtiykXe5h60, spotify:artist:6ZLTlhejhndI4Rh53vYhrY, spotify:artist:0Y5tJX1MQlPlqiwlOH1tJY","Post Malone, Ozzy Osbourne, Travis Scott","spotify:album:4g1ZRSobMefqF6nelkgibi","Hollywood's Bleeding","spotify:artist:246dkjvS1zLTtiykXe5h60","Post Malone","2019-09-06","https://i.scdn.co/image/ab67616d0000b2739478c87599550dd73bfa7e02","1","9","229573","https://p.scdn.co/mp3-preview/4212daa40ad717debecda340e929258d5f55cc7c?cid=9950ac751e34487dbbe027c4fd7f8e99","false","80","USUM71915731","spotify:user:22fmhktdnoychzqazggsbzgla","2026-06-25T16:02:35Z"
"spotify:track:58QhkbaAkLFnn7JwAnAato","Fall","spotify:artist:7dGJo4pcD2V6oG8kP0tJRR","Eminem","spotify:album:3HNnxK7NgLXbDoxRZxNWiR","Kamikaze","spotify:artist:7dGJo4pcD2V6oG8kP0tJRR","Eminem","2018-08-31","https://i.scdn.co/image/ab67616d0000b273e4073def0c03a91e3fceaf73","1","10","262493","https://p.scdn.co/mp3-preview/6fdcebb2c8e54ef6d95cdfcd7cd849c6fd5381f9?cid=9950ac751e34487dbbe027c4fd7f8e99","true","64","USUM71813341","spotify:user:22fmhktdnoychzqazggsbzgla","2026-06-25T16:02:35Z"
"spotify:track:6S39fhexETOGjnvcOOKSZm","Hanging On - Edit","spotify:artist:0X2BH1fck6amBIoJhDVmmJ","Ellie Goulding","spotify:album:4754Cgv1sdfwTpdVX83xAC","Halcyon","spotify:artist:0X2BH1fck6amBIoJhDVmmJ","Ellie Goulding","2012-01-01","https://i.scdn.co/image/ab67616d0000b2730fe8bc522921dc5eeccdb50d","1","8","201788","https://p.scdn.co/mp3-preview/b9d78961291c2906f5cf72e76cb67ee08e46705d?cid=9950ac751e34487dbbe027c4fd7f8e99","false","43","GBUM71204893","spotify:user:22fmhktdnoychzqazggsbzgla","2026-06-25T16:02:35Z"
"spotify:track:6jmTHeoWvBaSrwWttr8Xvu","I Mean It (feat. Remo)","spotify:artist:02kJSzxNuaWGqwubyUba0Z, spotify:artist:253mZZhgkLOjbAuogZiNbc","G-Eazy, Remo the Hitmaker","spotify:album:6wDc63NhKy2PyXdbhkRmrl","These Things Happen","spotify:artist:02kJSzxNuaWGqwubyUba0Z","G-Eazy","2014-06-23","https://i.scdn.co/image/ab67616d0000b273bdfe4efd674482cf5ac88c99","1","3","236480","https://p.scdn.co/mp3-preview/65fc6e30e41d1253880731912a1e3d0f0033e3ad?cid=9950ac751e34487dbbe027c4fd7f8e99","true","70","USRC11400730","spotify:user:22fmhktdnoychzqazggsbzgla","2026-06-25T16:02:35Z"
"spotify:track:64BbK9SFKH2jk86U3dGj2P","Otherside","spotify:artist:0L8ExT028jH3ddEcZwqJJ5","Red Hot Chili Peppers","spotify:album:2Y9IRtehByVkegoD7TcLfi","Californication (Deluxe Edition)","spotify:artist:0L8ExT028jH3ddEcZwqJJ5","Red Hot Chili Peppers","1999-06-08","https://i.scdn.co/image/ab67616d0000b27394d08ab63e57b0cae74e8595","1","4","255373","https://p.scdn.co/mp3-preview/90076510970ced8308b85cd65776f75b99d97e7f?cid=9950ac751e34487dbbe027c4fd7f8e99","false","87","USWB19900693","spotify:user:22fmhktdnoychzqazggsbzgla","2026-06-25T16:02:35Z"
"spotify:track:2jt2WxXMCD4zjACthkJQVE","The Ringer","spotify:artist:7dGJo4pcD2V6oG8kP0tJRR","Eminem","spotify:album:3HNnxK7NgLXbDoxRZxNWiR","Kamikaze","spotify:artist:7dGJo4pcD2V6oG8kP0tJRR","Eminem","2018-08-31","https://i.scdn.co/image/ab67616d0000b273e4073def0c03a91e3fceaf73","1","1","337941","https://p.scdn.co/mp3-preview/e40e69c6116b7c8a18b6dd22c788dd6773bd770b?cid=9950ac751e34487dbbe027c4fd7f8e99","true","64","USUM71813329","spotify:user:22fmhktdnoychzqazggsbzgla","2026-06-25T16:02:35Z"
"spotify:track:6n2mSMIi9NFRM1a8Ooqg21","California Girls - Remix","spotify:artist:5Lhxlge1CR1DrgDAje8Qaw, spotify:artist:2zHHEU3t9cutZFyG0fHdOR","NoMBe, Sonny Alven","spotify:album:2tsdjngXUdHUeCHVMMLop6","California Girls (Remix)","spotify:artist:5Lhxlge1CR1DrgDAje8Qaw, spotify:artist:2zHHEU3t9cutZFyG0fHdOR","NoMBe, Sonny Alven","2016-09-16","https://i.scdn.co/image/ab67616d0000b27397d41112c9ea10cf79c341ec","1","1","187402","https://p.scdn.co/mp3-preview/40ac4925b21d699ff4299a7cf0afe9821c276f91?cid=9950ac751e34487dbbe027c4fd7f8e99","false","0","NOUM71602474","spotify:user:22fmhktdnoychzqazggsbzgla","2026-06-25T16:02:35Z"
"spotify:track:0sYr4aaxa0q6rg5ql1IyOg","Loss of A Brother","spotify:artist:5aCO7p9hAgkL2C6TCr93v5","Anton Fargau Petrini","spotify:album:2vt31oLkC783ZLd3LJCGBt","And Then There Was Peace","spotify:artist:5aCO7p9hAgkL2C6TCr93v5","Anton Fargau Petrini","2021-03-19","https://i.scdn.co/image/ab67616d0000b273da47169948eca068eb0eca98","1","1","148357","https://p.scdn.co/mp3-preview/71246f33a9c038d12cba56ab05d2a1f08eae9366?cid=9950ac751e34487dbbe027c4fd7f8e99","false","41","SE5752178417","spotify:user:22fmhktdnoychzqazggsbzgla","2026-06-25T16:02:35Z"
"spotify:track:6UEL67dHfsuAQCoTUcM4Ig","Don Corleone (feat. Vincent Pastore)","spotify:artist:3IstlZaHyUP9SONpulb4SM, spotify:artist:12tmoxzXGzsr7d9bCpmbYo","Chris Webby, Vincent Pastore","spotify:album:2rWJjEyiy0QTDxj5evEuKd","Wednesday After Next","spotify:artist:3IstlZaHyUP9SONpulb4SM","Chris Webby","2019-12-25","https://i.scdn.co/image/ab67616d0000b2738ca9985ef5e3628c147756af","1","3","198995","https://p.scdn.co/mp3-preview/f8667f5eb8f653d57ab0557c9fbaefecb747f0fd?cid=9950ac751e34487dbbe027c4fd7f8e99","true","44","USLD91723106","spotify:user:22fmhktdnoychzqazggsbzgla","2026-06-25T16:02:35Z"
"spotify:track:6iWEhoALoBFnQMNVhYY0Sc","You're Somebody Else","spotify:artist:6GpcBKNmZDIrRzYkPJu7Wd","flora cash","spotify:album:0C61FN9PR7AocB3A0E4Fvw","Baby, It's Okay","spotify:artist:6GpcBKNmZDIrRzYkPJu7Wd","flora cash","2020-03-06","https://i.scdn.co/image/ab67616d0000b273ca63e1680550e9f405f5ae5b","1","11","219013","https://p.scdn.co/mp3-preview/54f2750b8b3444dd114622bc26b3f75894935c8c?cid=9950ac751e34487dbbe027c4fd7f8e99","false","72","SEXCG1700102","spotify:user:22fmhktdnoychzqazggsbzgla","2026-06-25T16:02:35Z"
"spotify:track:1t9WgS8FN0534tLBRwbaxO","Whoopty","spotify:artist:7arQA31aZVS8yS6zUveWzb","CJ","spotify:album:0kHRftVXaiRHgQdtviml0G","Loyalty Over Royalty","spotify:artist:7arQA31aZVS8yS6zUveWzb","CJ","2021-02-19","https://i.scdn.co/image/ab67616d0000b273cb730ca75f357fb988d95a06","1","4","123262","https://p.scdn.co/mp3-preview/a722da1b1371fe534e218b2b58dc519f80d76f2a?cid=9950ac751e34487dbbe027c4fd7f8e99","true","67","USA2P2031043","spotify:user:22fmhktdnoychzqazggsbzgla","2026-06-25T16:02:35Z"
"spotify:track:4sZpKcU8D7wYjhnRI7tCi9","22s","spotify:artist:7spLPNSfl7XOyBemar1Cqn, spotify:artist:2kS9NyuATpYwjeB93h24H5, spotify:artist:7ypPN35cJ9wfF2Zs7aYS33","KOKO, Nina Chuba, Dillistone","spotify:album:49J6Ec1sXMGmdtUp19ksQN","22s","spotify:artist:7spLPNSfl7XOyBemar1Cqn, spotify:artist:2kS9NyuATpYwjeB93h24H5, spotify:artist:7ypPN35cJ9wfF2Zs7aYS33","KOKO, Nina Chuba, Dillistone","2021-03-19","https://i.scdn.co/image/ab67616d0000b273b4801657458e8039d7efced6","1","1","185825","https://p.scdn.co/mp3-preview/e1780bda9a48edfe85cf703dd5e1dc4fd2288966?cid=9950ac751e34487dbbe027c4fd7f8e99","true","38","NORYA2101010","spotify:user:22fmhktdnoychzqazggsbzgla","2026-06-25T16:02:35Z"
"spotify:track:7nvIPwXKGhqtRhssxM99kJ","Drew Barrymore","spotify:artist:1ShZZUjkbXCjhwrb18BA8I","Bryce Vine","spotify:album:4qSRxDFJlvi8z83JbogGaL","Carnival","spotify:artist:1ShZZUjkbXCjhwrb18BA8I","Bryce Vine","2019-09-06","https://i.scdn.co/image/ab67616d0000b273aa90728a8ea8616d1f16ecde","1","5","191146","https://p.scdn.co/mp3-preview/10661b4aafcb96feac7e33fb06bbe9c0a31c8782?cid=9950ac751e34487dbbe027c4fd7f8e99","true","65","USQY51770936","spotify:user:22fmhktdnoychzqazggsbzgla","2026-06-25T16:02:35Z"
"spotify:track:05nFeIPkC42ge4jWnSILYM","Down on Your Knees","spotify:artist:6GpcBKNmZDIrRzYkPJu7Wd","flora cash","spotify:album:409EdmKQVMvhRHpJSHBnJ3","Can Summer Love Last Forever?","spotify:artist:6GpcBKNmZDIrRzYkPJu7Wd","flora cash","2016-03-18","https://i.scdn.co/image/ab67616d0000b273a3e32a69b603c294a884fb9f","1","6","248167","https://p.scdn.co/mp3-preview/6e720d82f56efb66128466d30585870e1ecb9b38?cid=9950ac751e34487dbbe027c4fd7f8e99","false","43","SEXCG1600206","spotify:user:22fmhktdnoychzqazggsbzgla","2026-06-25T16:02:35Z"
"spotify:track:0QhZm4n9bYNMeFOuChKZ7b","Summer Is a Curse","spotify:artist:6VsU92soWFLtVsSP65rkrN","The Faim","spotify:album:20gsqlzht7uh9ITB2CynVY","State of Mind","spotify:artist:6VsU92soWFLtVsSP65rkrN","The Faim","2019-09-13","https://i.scdn.co/image/ab67616d0000b27353c8cfd4455dd731301d55ca","1","3","181506","https://p.scdn.co/mp3-preview/5822c324055436503c24d3c625f6bb60dd6346e7?cid=9950ac751e34487dbbe027c4fd7f8e99","false","53","QMRSZ1800686","spotify:user:22fmhktdnoychzqazggsbzgla","2026-06-25T16:02:35Z"
"spotify:track:5ZUIPLoTLJZrPQh2kFZEUM","Addicted","spotify:artist:6mDl7lQiLxT0iQ8LYhAlWy, spotify:artist:69GGBxA162lTqCwzJG5jLp, spotify:artist:4ZhFCxPekpmV12n2xMeF2z","Zerb, The Chainsmokers, Ink","spotify:album:7yO1vbedliKtwQ65jAjBQr","Addicted","spotify:artist:6mDl7lQiLxT0iQ8LYhAlWy, spotify:artist:69GGBxA162lTqCwzJG5jLp, spotify:artist:4ZhFCxPekpmV12n2xMeF2z","Zerb, The Chainsmokers, Ink","2024-03-29","https://i.scdn.co/image/ab67616d0000b27386662f0bf0b8df09e7e6ee34","1","1","152250","https://p.scdn.co/mp3-preview/0f6ed1e0061fffcc2e67d06f33a8a92ab7cf2952?cid=9950ac751e34487dbbe027c4fd7f8e99","true","80","NLRD52350359","spotify:user:22fmhktdnoychzqazggsbzgla","2026-06-25T16:02:35Z"
"spotify:track:06ZFrlNDdNWx0TS39BOh8P","Before Fall","spotify:artist:52hHazaGNc49BIKHMfAncv, spotify:artist:6QbSwCeNaIhbfp1jpZ02nZ","Steven Trueba, Alter.","spotify:album:03zPhwrcoTsJmYX0AvZMaT","EGOxDEATH","spotify:artist:6QbSwCeNaIhbfp1jpZ02nZ","Alter.","2022-12-27","https://i.scdn.co/image/ab67616d0000b273fef7cdfbe97e2f77b0e05281","1","4","81702","https://p.scdn.co/mp3-preview/f30e70f0175b12289e9d146366e766857a9d90db?cid=9950ac751e34487dbbe027c4fd7f8e99","false","19","QZES82233904","spotify:user:22fmhktdnoychzqazggsbzgla","2026-06-25T16:02:35Z"
"spotify:track:5P5hIlnNaOtv29EGpMfQfX","Pac Ave","spotify:artist:1TpOqFPZPxxeuLHL3oSl2t","Diggy Graves","spotify:album:1WEJda4yBPvseuFLeY0Pxc","Pac Ave","spotify:artist:1TpOqFPZPxxeuLHL3oSl2t","Diggy Graves","2023-09-15","https://i.scdn.co/image/ab67616d0000b2738436ae956134706ca1c63519","1","1","210620","https://p.scdn.co/mp3-preview/6967b9dc4c49424b896d79c6a4a17f0fd0b70f7f?cid=9950ac751e34487dbbe027c4fd7f8e99","true","60","USL4Q2317628","spotify:user:22fmhktdnoychzqazggsbzgla","2026-06-25T16:02:35Z"
"spotify:track:4pjy393QwkvmRxwmMTUPeQ","Red Vineyard","spotify:artist:1TpOqFPZPxxeuLHL3oSl2t","Diggy Graves","spotify:album:1ncUSrjOeuEAn1kJ6ziyiN","Red Vineyard","spotify:artist:1TpOqFPZPxxeuLHL3oSl2t","Diggy Graves","2024-10-25","https://i.scdn.co/image/ab67616d0000b273ecf335ffecbe8954a642ad3c","1","1","195810","https://p.scdn.co/mp3-preview/175ab6c52ef949f66aca514a2d25311d65c8c3a1?cid=9950ac751e34487dbbe027c4fd7f8e99","true","65","USX9P2427038","spotify:user:22fmhktdnoychzqazggsbzgla","2026-06-25T16:02:35Z"
"spotify:track:7GibGkQTJPAmOPRItKZO13","All We Need","spotify:artist:13sKsnhhn9nyyYVbOl7dLD","Witchz","spotify:album:31vImPLkW9aT3PCCimzGjO","Santi Minogo ii","spotify:artist:13sKsnhhn9nyyYVbOl7dLD","Witchz","2023-02-03","https://i.scdn.co/image/ab67616d0000b273dbed3738cccdc4abecd1848b","1","5","191833","https://p.scdn.co/mp3-preview/e773292643243cd58f6745936029e0d8d4c0a440?cid=9950ac751e34487dbbe027c4fd7f8e99","false","33","QZTB42250619","spotify:user:22fmhktdnoychzqazggsbzgla","2026-06-25T16:02:35Z"
"spotify:track:7JMYfRIXzRl6PRC3YMLXf1","Cabin Fever","spotify:artist:1TpOqFPZPxxeuLHL3oSl2t","Diggy Graves","spotify:album:0xNttTMgShREElePCAlMY9","Cabin Fever","spotify:artist:1TpOqFPZPxxeuLHL3oSl2t","Diggy Graves","2024-02-09","https://i.scdn.co/image/ab67616d0000b273370b57f0e5235207cf807b91","1","1","178897","https://p.scdn.co/mp3-preview/1d3f9aa5cef5b995f5e1aaded5b5cee37fe3d021?cid=9950ac751e34487dbbe027c4fd7f8e99","true","61","USCGH2474016","spotify:user:22fmhktdnoychzqazggsbzgla","2026-06-25T16:02:35Z"
"spotify:track:13EMVBU1hcy5yJdX1Xhf9a","Ghostkeeper","spotify:artist:041iTeoMIwXMlShuQPIVKo, spotify:artist:7e1aNehmQevT0RVtN8Pzly","Klangkarussell, GIVVEN","spotify:album:1yv2QCPD4HcYendMbnMnet","Ghostkeeper","spotify:artist:041iTeoMIwXMlShuQPIVKo, spotify:artist:7e1aNehmQevT0RVtN8Pzly","Klangkarussell, GIVVEN","2020-02-21","https://i.scdn.co/image/ab67616d0000b2736ad09c8c0b0a8f2e468e826a","1","1","331381","https://p.scdn.co/mp3-preview/1f8ebd047064a184141953073422a56e43b9fc27?cid=9950ac751e34487dbbe027c4fd7f8e99","false","1","ATFH81900201","spotify:user:22fmhktdnoychzqazggsbzgla","2026-06-25T16:02:35Z"
"spotify:track:5rAUZy2eDdegBxUVYxePK2","In The End - Mellen Gi Remix","spotify:artist:73jlPRxT7z5xk29sMqFDjU, spotify:artist:647D92XNDYTUt5A0idePJ4, spotify:artist:6Hpe3EZqFMWYtJ61D0GjSa","Tommee Profitt, Fleurie, Mellen Gi","spotify:album:4ogDiddFmcxnT4PC9lVEoV","In The End","spotify:artist:73jlPRxT7z5xk29sMqFDjU","Tommee Profitt","2019-03-22","https://i.scdn.co/image/ab67616d0000b27346557fdc7325844aa2177155","1","2","218188","https://p.scdn.co/mp3-preview/c40dfaf25a918dcf36e0f40d2e325a2379f0f157?cid=9950ac751e34487dbbe027c4fd7f8e99","false","72","USUG11802944","spotify:user:22fmhktdnoychzqazggsbzgla","2026-06-25T16:02:35Z"
"spotify:track:2XMTqoHHSH0lvuXrvIEdco","Capsize","spotify:artist:7xEFii6utZmQ61kX59HmLH, spotify:artist:1oKdM70mJD8VvDOTKeS8t1","FRENSHIP, Emily Warren","spotify:album:5qeKpDQFyotJjLh61pUZQo","Truce - EP","spotify:artist:7xEFii6utZmQ61kX59HmLH","FRENSHIP","2016-09-02","https://i.scdn.co/image/ab67616d0000b273670048174db73ef55039c7bf","1","2","237706","https://p.scdn.co/mp3-preview/e84caeb4ae95b8b6b6f1ef9e2848fa1ccce893f7?cid=9950ac751e34487dbbe027c4fd7f8e99","false","69","USSM11605173","spotify:user:22fmhktdnoychzqazggsbzgla","2026-06-25T16:02:35Z"
"spotify:track:5FFEapLEXKZtk7Xq2pvgwY","A Toast to the Ghost","spotify:artist:1TpOqFPZPxxeuLHL3oSl2t","Diggy Graves","spotify:album:2oaoIG0dfgJ4VOP0vwces5","A Toast to the Ghost","spotify:artist:1TpOqFPZPxxeuLHL3oSl2t","Diggy Graves","2023-12-29","https://i.scdn.co/image/ab67616d0000b27382cd9f44802492ee7a62b59c","1","1","206482","https://p.scdn.co/mp3-preview/dd94af949d522ae072988310a4b67e4784f0b00d?cid=9950ac751e34487dbbe027c4fd7f8e99","true","49","USX9P2358074","spotify:user:22fmhktdnoychzqazggsbzgla","2026-06-25T16:02:35Z"
"spotify:track:1qqKjeywLxl6pll1pLOSOt","Lost at Sea","spotify:artist:5FRr69AUVoFMQPcdk2LT5P","Mosaé","spotify:album:3enmyzkZrGmwojAfMzgVTy","Lost at Sea","spotify:artist:5FRr69AUVoFMQPcdk2LT5P","Mosaé","2023-05-19","https://i.scdn.co/image/ab67616d0000b273b29be8c5eca6fe68e603a9b9","1","1","145263","https://p.scdn.co/mp3-preview/80f76fd67f6c972d2f486ad3592736a090091d8c?cid=9950ac751e34487dbbe027c4fd7f8e99","false","57","TCAGP2247271","spotify:user:22fmhktdnoychzqazggsbzgla","2026-06-25T16:02:35Z"
"spotify:track:1T2zLWVcr4nXMrMnzyHUVl","Rock n Roll","spotify:artist:2NpPlwwDVYR5dIj0F31EcC, spotify:artist:02kJSzxNuaWGqwubyUba0Z","Leony, G-Eazy","spotify:album:1Jey66mOXbJOwGtVKwdUWb","Rock n Roll","spotify:artist:2NpPlwwDVYR5dIj0F31EcC, spotify:artist:02kJSzxNuaWGqwubyUba0Z","Leony, G-Eazy","2024-10-25","https://i.scdn.co/image/ab67616d0000b27315565a1966c3bcc6790c2f8d","1","1","158374","https://p.scdn.co/mp3-preview/50fab3cea5a5f0f671456b853c8372c4cd0e3abf?cid=9950ac751e34487dbbe027c4fd7f8e99","true","54","DEN062400703","spotify:user:22fmhktdnoychzqazggsbzgla","2026-06-25T16:02:35Z"
"spotify:track:4BNBHqVGBok2DXhObv8dHt","My Way","spotify:artist:7dNg7OLrxcWU9cVe3sQoMV, spotify:artist:0EZfXJ9cIGEImyYie5rrcQ","Scott Rill, Lima Osta","spotify:album:1zCDSq7WottbxkgpdDw0Gw","My Way","spotify:artist:7dNg7OLrxcWU9cVe3sQoMV","Scott Rill","2020-04-17","https://i.scdn.co/image/ab67616d0000b2730afc77d4dac5ece0f790d00b","1","1","164598","https://p.scdn.co/mp3-preview/7092e6b8a1de32a7e13f2e0d4ea405833c52f1bc?cid=9950ac751e34487dbbe027c4fd7f8e99","false","16","CA5KR2032151","spotify:user:22fmhktdnoychzqazggsbzgla","2026-06-25T16:02:35Z"
"spotify:track:2Hh3ETdQKrmSI3QS0hme7g","Too Many Nights (feat. Don Toliver & with Future)","spotify:artist:0iEtIxbK0KxaSlF7G42ZOp, spotify:artist:1RyvyyTE3xzB2ZywiAwp0i, spotify:artist:4Gso3d4CscCijv0lmajZWs","Metro Boomin, Future, Don Toliver","spotify:album:7txGsnDSqVMoRl6RQ9XyZP","HEROES & VILLAINS","spotify:artist:0iEtIxbK0KxaSlF7G42ZOp","Metro Boomin","2022-12-02","https://i.scdn.co/image/ab67616d0000b273c4fee55d7b51479627c31f89","1","3","199920","https://p.scdn.co/mp3-preview/113245d7442b7b3880c40b3407dbc695396338f6?cid=9950ac751e34487dbbe027c4fd7f8e99","true","86","USUG12208784","spotify:user:22fmhktdnoychzqazggsbzgla","2026-06-25T16:02:35Z"
"spotify:track:0GOkSpVH8sixAEMFpvXW44","Demons","spotify:artist:4ZguwlmrdElUZaO36dRTbn, spotify:artist:1UUfEEstgd64AnExToS403, spotify:artist:2uLhOnddu0ZXcZ60SdZcdh","Ondi Vil, Neoplasma, Gina Livia","spotify:album:1j0obJm2dHdXG6cTYiPtLP","Demons","spotify:artist:4ZguwlmrdElUZaO36dRTbn, spotify:artist:1UUfEEstgd64AnExToS403, spotify:artist:2uLhOnddu0ZXcZ60SdZcdh","Ondi Vil, Neoplasma, Gina Livia","2020-09-04","https://i.scdn.co/image/ab67616d0000b273674e304b61ed910fff7fe8c0","1","1","144000","https://p.scdn.co/mp3-preview/a30d9df398b8c68049caad4193462f2335d63749?cid=9950ac751e34487dbbe027c4fd7f8e99","false","18","QZK6L2046803","spotify:user:22fmhktdnoychzqazggsbzgla","2026-06-25T16:02:35Z"
"spotify:track:38XcmJDV2pjjVcCvdpMpA2","High Like This","spotify:artist:47BEc2RoW53owMyxacXWdV, spotify:artist:0ec4FbH1UybaL2bOslGxV0","Yves V, FR!ES","spotify:album:6TiMCmTJh5ADHupJLR1cRV","High Like This","spotify:artist:47BEc2RoW53owMyxacXWdV, spotify:artist:0ec4FbH1UybaL2bOslGxV0","Yves V, FR!ES","2020-10-02","https://i.scdn.co/image/ab67616d0000b27374d62d50b09efb48882419e9","1","1","169426","https://p.scdn.co/mp3-preview/e4152020ea4adbe955b9b019f250f7ecb90c8d97?cid=9950ac751e34487dbbe027c4fd7f8e99","true","54","NLZ542001615","spotify:user:22fmhktdnoychzqazggsbzgla","2026-06-25T16:02:35Z"
"spotify:track:2ogKhhoMClkFXek7ZgxAhN","Shameless","spotify:artist:4nDoRrQiYLoBzwC5BhVJzF","Camila Cabello","spotify:album:3Vsbl0diFGw8HNSjG8ue9m","Romance","spotify:artist:4nDoRrQiYLoBzwC5BhVJzF","Camila Cabello","2019-12-06","https://i.scdn.co/image/ab67616d0000b273f8fc9e1b46c32dff21cede72","1","1","219733","https://p.scdn.co/mp3-preview/d83ed33822e77e7cd640c4fe649970c5366ac85e?cid=9950ac751e34487dbbe027c4fd7f8e99","false","84","USSM11905431","spotify:user:22fmhktdnoychzqazggsbzgla","2026-06-25T16:02:35Z"
"spotify:track:1bfDF1kddmYmTZPkCRhNfK","Halloween Never Ends","spotify:artist:1TpOqFPZPxxeuLHL3oSl2t","Diggy Graves","spotify:album:2ZVB2WeZCk5iOATc8HIvh5","Halloween Never Ends","spotify:artist:1TpOqFPZPxxeuLHL3oSl2t","Diggy Graves","2024-07-12","https://i.scdn.co/image/ab67616d0000b2738b5fa694573a876d08158164","1","1","203500","https://p.scdn.co/mp3-preview/750604e3cad8fc66fff1b4fda509d7bb946ec8b8?cid=9950ac751e34487dbbe027c4fd7f8e99","true","55","USHM82492482","spotify:user:22fmhktdnoychzqazggsbzgla","2026-06-25T16:02:35Z"
"spotify:track:45bE4HXI0AwGZXfZtMp8JR","you broke me first","spotify:artist:45dkTj5sMRSjrmBSBeiHym","Tate McRae","spotify:album:1RWiRfdNZKDe8VXzzf2VEc","you broke me first","spotify:artist:45dkTj5sMRSjrmBSBeiHym","Tate McRae","2020-04-17","https://i.scdn.co/image/ab67616d0000b2730c2c97099fd6a637ed0aa4a4","1","1","169265","https://p.scdn.co/mp3-preview/285ae4fd5ee31a954bf47c8dbbf5f5d70db2b9c8?cid=9950ac751e34487dbbe027c4fd7f8e99","true","5","USRC12000832","spotify:user:22fmhktdnoychzqazggsbzgla","2026-06-25T16:02:35Z"
"spotify:track:66MIGyHdex7vfP6RAwpMNL","NUMB","spotify:artist:4l43uAIHyF5VzgonMKVkg7","Ryan Oakes","spotify:album:1ZpqQpp46xjv4wVwGbFopM","A SERIES OF UNFORTUNATE EVENTS","spotify:artist:4l43uAIHyF5VzgonMKVkg7","Ryan Oakes","2019-11-22","https://i.scdn.co/image/ab67616d0000b2734ffcd48f288135875c9edadb","1","1","215647","https://p.scdn.co/mp3-preview/28294d8890a7fef288d8209b785f991c87e53e84?cid=9950ac751e34487dbbe027c4fd7f8e99","true","55","QZHN31960762","spotify:user:22fmhktdnoychzqazggsbzgla","2026-06-25T16:02:35Z"
"spotify:track:18AXbzPzBS8Y3AkgSxzJPb","In the Air Tonight - 2015 Remaster","spotify:artist:4lxfqrEsLX6N1N4OCSkILp","Phil Collins","spotify:album:1cM3r0WQZWNkCpEbmFjLln","Face Value (Deluxe Editon)","spotify:artist:4lxfqrEsLX6N1N4OCSkILp","Phil Collins","1981-01-01","https://i.scdn.co/image/ab67616d0000b2738a1d7cf42a84b10bd1ff8e56","1","1","336453","https://p.scdn.co/mp3-preview/31c39a7bd82cc18f28c48ead9b95a0fa03147c3e?cid=9950ac751e34487dbbe027c4fd7f8e99","false","84","USAT21502120","spotify:user:22fmhktdnoychzqazggsbzgla","2026-06-25T16:02:35Z"
"spotify:track:5kc94sZMpuzSZdbfiCr0gh","I Remember","spotify:artist:28Ky95tmlHktB96DBUoB0g","Tristam","spotify:album:0T2uG3zMTNRkr9PjBNnPqx","I Remember","spotify:artist:28Ky95tmlHktB96DBUoB0g","Tristam","2012-05-29","https://i.scdn.co/image/ab67616d0000b2734aa85ed00d8b32fd901da413","1","1","236741","https://p.scdn.co/mp3-preview/36e5a1ed61cf61b2b9ad250196c4656e7fbf548b?cid=9950ac751e34487dbbe027c4fd7f8e99","false","53","TCABG1223456","spotify:user:22fmhktdnoychzqazggsbzgla","2026-06-25T16:02:35Z"
"spotify:track:0bRXBPQ4uL0N3aGV8SVIk7","Let Me Touch Your Fire","spotify:artist:7hOGhpa8RMSuDOWntGIAJt","A R I Z O N A","spotify:album:0P5JzwFlDJNWRu9SD1vvDp","Let Me Touch Your Fire","spotify:artist:7hOGhpa8RMSuDOWntGIAJt","A R I Z O N A","2016-01-15","https://i.scdn.co/image/ab67616d0000b2736b15cc86df2c8df5d9cc3204","1","1","218734","https://p.scdn.co/mp3-preview/9b6dac822131b1d4992b9ae97bad78db147d1af8?cid=9950ac751e34487dbbe027c4fd7f8e99","false","51","USAT21504262","spotify:user:22fmhktdnoychzqazggsbzgla","2026-06-25T16:02:35Z"
"spotify:track:2YzCIEDdN0eNRPX8fAmFQ6","Marivanna","spotify:artist:1K4hkqFQQVR1sQ2zzWoxyV","TEPLAY","spotify:album:3E6pscAZRqXDOWyDSVvjW1","Marivanna","spotify:artist:1K4hkqFQQVR1sQ2zzWoxyV","TEPLAY","2019-08-27","https://i.scdn.co/image/ab67616d0000b273c92240adde2dfdfcfcb4ef51","1","1","165081","https://p.scdn.co/mp3-preview/d38eabd83c0bb0ac81422204ebb9b10d032d46e6?cid=9950ac751e34487dbbe027c4fd7f8e99","false","0","FR96X1920586","spotify:user:22fmhktdnoychzqazggsbzgla","2026-06-25T16:02:35Z"
"spotify:track:17rDNy9LCQTfbBV9YyUkJ1","GOTTI","spotify:artist:3IstlZaHyUP9SONpulb4SM","Chris Webby","spotify:album:1tolQbrKbmTyBgaIkxEojh","Last Wednesday","spotify:artist:3IstlZaHyUP9SONpulb4SM","Chris Webby","2024-12-25","https://i.scdn.co/image/ab67616d0000b273b65d913b3efbce2513570413","2","7","170656","https://p.scdn.co/mp3-preview/5fe0ef68e2e7861bae9952aec7529c6429e362b8?cid=9950ac751e34487dbbe027c4fd7f8e99","true","28","USLD91749213","spotify:user:22fmhktdnoychzqazggsbzgla","2026-06-25T16:02:35Z"
"spotify:track:2gQK13gXYZRq2MgvPJyHx8","The Last Goodbye","spotify:artist:21mKp7DqtSNHhCAU2ugvUw, spotify:artist:55U998XxmxjicLMKDSz6R3","ODESZA, Bettye LaVette","spotify:album:0xVucRYJf5luWLekMGYh3i","The Last Goodbye","spotify:artist:21mKp7DqtSNHhCAU2ugvUw","ODESZA","2022-07-22","https://i.scdn.co/image/ab67616d0000b273b0c9b7fbfeac390d2d43be81","1","8","358983","https://p.scdn.co/mp3-preview/08cf49bbb5bc3aec555d197d4a2fc18271b810af?cid=9950ac751e34487dbbe027c4fd7f8e99","false","67","GBCFB2100832","spotify:user:22fmhktdnoychzqazggsbzgla","2026-06-25T16:02:35Z"
"spotify:track:2UZtI2HUyLRzqBjodvcUmY","Rx (Medicate)","spotify:artist:74eX4C98E4FCrAMl39qRsJ","Theory of a Deadman","spotify:album:1P2L7DD1DCqb0VfpMyByLl","Wake Up Call","spotify:artist:74eX4C98E4FCrAMl39qRsJ","Theory of a Deadman","2017-10-27","https://i.scdn.co/image/ab67616d0000b273af7be01d388305b7308df2e1","1","2","233173","https://p.scdn.co/mp3-preview/6519bcf9a44ca1437a98a2becf9b503e6cb31f3a?cid=9950ac751e34487dbbe027c4fd7f8e99","true","70","NLA321700228","spotify:user:22fmhktdnoychzqazggsbzgla","2026-06-25T16:02:35Z"
"spotify:track:3yndKI4zWEyC36BQYrdKBA","Hit Sale","spotify:artist:5MynxBz4ZMqvUzpcxTZl4C, spotify:artist:2pHk4wAmL7ofTAuvCIUWtv","Therapie TAXI, Roméo Elvis","spotify:album:1j4pZyBTGUSvp3e5loBgez","Hit Sale","spotify:artist:5MynxBz4ZMqvUzpcxTZl4C","Therapie TAXI","2018-02-02","https://i.scdn.co/image/ab67616d0000b273d06c36953d960e241f1522f8","1","1","184400","https://p.scdn.co/mp3-preview/598c241cb7972dd01d4fafc2884449a6ff762805?cid=9950ac751e34487dbbe027c4fd7f8e99","false","67","FR7O51700210","spotify:user:22fmhktdnoychzqazggsbzgla","2026-06-25T16:02:35Z"
"spotify:track:28tmWL4afeJXZv53pSh2HG","MAGIC IS REAL 22:22","spotify:artist:3JtFgxN1UvaQjIojtP9fXY","Narovski","spotify:album:3TaI1MbLjWavvvpt6M95pv","MAGIC IS REAL 22:22","spotify:artist:3JtFgxN1UvaQjIojtP9fXY","Narovski","2021-07-22","https://i.scdn.co/image/ab67616d0000b273d7dda30159dcbd09c86cb8fd","1","1","152322","https://p.scdn.co/mp3-preview/5c4f4800c35f0aaa0bcdc442f018e1dda965eb08?cid=9950ac751e34487dbbe027c4fd7f8e99","false","28","QZK6K2124234","spotify:user:22fmhktdnoychzqazggsbzgla","2026-06-25T16:02:35Z"
"spotify:track:2OSRtYnDBtcsW3awLxxaFQ","Trick or Cheat","spotify:artist:1TpOqFPZPxxeuLHL3oSl2t","Diggy Graves","spotify:album:1nD5Ad3EdNQ5j7jwf9BMrO","Trick or Cheat","spotify:artist:1TpOqFPZPxxeuLHL3oSl2t","Diggy Graves","2023-10-13","https://i.scdn.co/image/ab67616d0000b273aa32b56a20e3c9c79e78fa09","1","1","177777","https://p.scdn.co/mp3-preview/32b2ddd8274490f0f1555d2952db87873a6811be?cid=9950ac751e34487dbbe027c4fd7f8e99","true","55","USL4Q2384350","spotify:user:22fmhktdnoychzqazggsbzgla","2026-06-25T16:02:35Z"
"spotify:track:1FbnBSVi5kMIkxzYewgG4o","Crawl Outta Love (The Glitch Mob Remix)","spotify:artist:45eNHdiiabvmbp4erw26rg, spotify:artist:3a9qv6NLHnsVxJUtKOMHvD, spotify:artist:0kErUwb6xgWfkdn0RyZWHZ","ILLENIUM, The Glitch Mob, Annika Wells","spotify:album:0xDITBQOXozdAXqddd82or","Crawl Outta Love (The Glitch Mob Remix)","spotify:artist:45eNHdiiabvmbp4erw26rg, spotify:artist:3a9qv6NLHnsVxJUtKOMHvD","ILLENIUM, The Glitch Mob","2018-03-02","https://i.scdn.co/image/ab67616d0000b27346a548dbbb48b4de21fd323f","1","1","309677","https://p.scdn.co/mp3-preview/6df81f3a571b639303869350b2b7f41bf69e5a77?cid=9950ac751e34487dbbe027c4fd7f8e99","true","0","USA2P1812174","spotify:user:22fmhktdnoychzqazggsbzgla","2026-06-25T16:02:35Z"
"spotify:track:2WVWg6KgUkcLiTRFjx5jVZ","Straitjackets & Roses","spotify:artist:1TpOqFPZPxxeuLHL3oSl2t","Diggy Graves","spotify:album:26EWlhzWvay7jikS58B9K8","Straitjackets & Roses","spotify:artist:1TpOqFPZPxxeuLHL3oSl2t","Diggy Graves","2024-03-01","https://i.scdn.co/image/ab67616d0000b273be41ddbd1a3c67115decf7ce","1","1","139852","https://p.scdn.co/mp3-preview/442fc17f3d1152da2fcf21c5be5bb4f09b669eb5?cid=9950ac751e34487dbbe027c4fd7f8e99","true","58","USCGJ2440289","spotify:user:22fmhktdnoychzqazggsbzgla","2026-06-25T16:02:35Z"
"spotify:track:6OCbBpYhFHbBbfdnaoEsZ1","GASLIGHT!","spotify:artist:0uGk2czvcpWQA383Im6ajf, spotify:artist:1oPEr1Ci8sWOYj8SSh2VPE","Maggie Lindemann, SIIICKBRAIN","spotify:album:5CEcwEyL9wMG4TygYNTFgw","PARANOIA","spotify:artist:0uGk2czvcpWQA383Im6ajf","Maggie Lindemann","2021-01-22","https://i.scdn.co/image/ab67616d0000b273e5c95f335106bdf01ea71ec2","1","2","148053","https://p.scdn.co/mp3-preview/98f727eddc792b89422dc858f574e8c1a68cf989?cid=9950ac751e34487dbbe027c4fd7f8e99","true","0","QZMLX2000007","spotify:user:22fmhktdnoychzqazggsbzgla","2026-06-25T16:02:35Z"
"spotify:track:4i7OaJoGSVsceosqGhmoNv","i can't get high","spotify:artist:64EHXDoln95lnccszdPum0","Royal & the Serpent","spotify:album:1M1PKj1f22TovEZmC6yKel","searching for nirvana","spotify:artist:64EHXDoln95lnccszdPum0","Royal & the Serpent","2021-06-04","https://i.scdn.co/image/ab67616d0000b273d3b42b372c5e4a0c0654b6bf","1","2","188141","https://p.scdn.co/mp3-preview/e67f775f876d34a2eb3f61963e23d5458ccd62d3?cid=9950ac751e34487dbbe027c4fd7f8e99","true","51","USAT22007229","spotify:user:22fmhktdnoychzqazggsbzgla","2026-06-25T16:02:35Z"
"spotify:track:7vWbw3fF1WmPTYWREfV0fG","Speak In Tongues","spotify:artist:4uethVhVpoyO3OhT40JH1o","machineheart","spotify:album:299LNUOcvmg5ryR2bh9y4o","Speak In Tongues","spotify:artist:4uethVhVpoyO3OhT40JH1o","machineheart","2017-02-10","https://i.scdn.co/image/ab67616d0000b273de121b3bf5a59a9a23473cb7","1","1","233265","https://p.scdn.co/mp3-preview/9eab62ae6d982c3c8f71c36744636ad5a319d20a?cid=9950ac751e34487dbbe027c4fd7f8e99","false","49","TCACX1711018","spotify:user:22fmhktdnoychzqazggsbzgla","2026-06-25T16:02:35Z"
"spotify:track:6q1OTBE6VFcJDmysQj0eaG","Photomaton","spotify:artist:7xfdx6PiB50V9VWI4Mq70R, spotify:artist:6azJLRL2YwHHtmYdSI12lL","Jabberwocky, Elodie Wildstars","spotify:album:7Eb5MjTKe3EQP5IgRlhmA4","Lunar Lane","spotify:artist:7xfdx6PiB50V9VWI4Mq70R","Jabberwocky","2015-10-02","https://i.scdn.co/image/ab67616d0000b2732055c5f3e2471f71fab34d61","1","3","280386","https://p.scdn.co/mp3-preview/8da75473be4573cc347d16c0be2061f99205c1fa?cid=9950ac751e34487dbbe027c4fd7f8e99","false","43","FR6V81326649","spotify:user:22fmhktdnoychzqazggsbzgla","2026-06-25T16:02:35Z"
"spotify:track:1cJLvuAi5mHHudKJM3N9pW","Alright","spotify:artist:49tymMExHfzPYTfTRA3FaG","The Lowdown Drifters","spotify:album:50Oexo5TOqAZ2Ff4GJ3jDP","Alright","spotify:artist:49tymMExHfzPYTfTRA3FaG","The Lowdown Drifters","2020-05-22","https://i.scdn.co/image/ab67616d0000b27334f05e4f372dca609dd42e76","1","1","200000","https://p.scdn.co/mp3-preview/eff47a2c220ddf99a88b51184b29dbd0b0daf9e2?cid=9950ac751e34487dbbe027c4fd7f8e99","false","0","TCAEW2047953","spotify:user:22fmhktdnoychzqazggsbzgla","2026-06-25T16:02:35Z"
"spotify:track:57hEY75zYYIp6GBsEHkDjo","Gandalf falls from the Bridge of Khazad Dûm (Lord of the Rings: The Fellowship of the Ring)","spotify:artist:0CAXDOuageq5zwYSpTqe63","Je Suis Parte","spotify:album:0eq3xLCtOZ1iQKoj2ACcbN","Gandalf falls from the Bridge of Khazad Dûm (Lord of the Rings: The Fellowship of the Ring)","spotify:artist:0CAXDOuageq5zwYSpTqe63","Je Suis Parte","2021-03-31","https://i.scdn.co/image/ab67616d0000b2733bf55a26f89f84a065fbee01","1","1","135432","https://p.scdn.co/mp3-preview/9588c37570e48625cbfe5ccbf47461201e410469?cid=9950ac751e34487dbbe027c4fd7f8e99","false","26","QZES82102346","spotify:user:22fmhktdnoychzqazggsbzgla","2026-06-25T16:02:35Z"
"spotify:track:5oGJ5OXOdvAkIcBNu2fqVo","Swimming Pool","spotify:artist:1TpOqFPZPxxeuLHL3oSl2t","Diggy Graves","spotify:album:1tux2OhTdDNp8rAg5YbWMV","Swimming Pool","spotify:artist:1TpOqFPZPxxeuLHL3oSl2t","Diggy Graves","2024-09-20","https://i.scdn.co/image/ab67616d0000b273c08250051acd2b6e6e4cf594","1","1","141639","https://p.scdn.co/mp3-preview/75725fa5a3a86b1f79dbc960e290c4ce4a829d79?cid=9950ac751e34487dbbe027c4fd7f8e99","true","54","USL4R2412451","spotify:user:22fmhktdnoychzqazggsbzgla","2026-06-25T16:02:35Z"
"spotify:track:2OpBganfGk2GVdSlRdxzaX","Better","spotify:artist:6LuN9FCkKOj5PcnpouEgny","Khalid","spotify:album:4UNwL1B7JoymNUiTFJa52B","Suncity","spotify:artist:6LuN9FCkKOj5PcnpouEgny","Khalid","2018-10-19","https://i.scdn.co/image/ab67616d0000b273c243500e164150d229750c91","1","6","229319","https://p.scdn.co/mp3-preview/e2cc2b3ffc1d880c84f2fc2bbf49744b041364f7?cid=9950ac751e34487dbbe027c4fd7f8e99","true","82","USRC11803179","spotify:user:22fmhktdnoychzqazggsbzgla","2026-06-25T16:02:35Z"
"spotify:track:4lD22gGj54iVv4D8z2W2nb","OVERDOSE","spotify:artist:6AMCz8h8BXJhZugOwvOtRJ","ACER SPADE","spotify:album:6W2osMxyJOqMTwqge8u7GL","RECOLLECTIONS","spotify:artist:6AMCz8h8BXJhZugOwvOtRJ","ACER SPADE","2021-09-24","https://i.scdn.co/image/ab67616d0000b2736a336978fa28025932652785","1","4","193763","https://p.scdn.co/mp3-preview/dce8d544c765cd27acd15a48a16b3b335b6f2ffc?cid=9950ac751e34487dbbe027c4fd7f8e99","true","37","AU2SY2100007","spotify:user:22fmhktdnoychzqazggsbzgla","2026-06-25T16:02:35Z"
"spotify:track:7xQAfvXzm3AkraOtGPWIZg","Wow.","spotify:artist:246dkjvS1zLTtiykXe5h60","Post Malone","spotify:album:4g1ZRSobMefqF6nelkgibi","Hollywood's Bleeding","spotify:artist:246dkjvS1zLTtiykXe5h60","Post Malone","2019-09-06","https://i.scdn.co/image/ab67616d0000b2739478c87599550dd73bfa7e02","1","17","149546","https://p.scdn.co/mp3-preview/bd55cc4be61bf5a41ed75c21c747a73cea768bea?cid=9950ac751e34487dbbe027c4fd7f8e99","true","81","USUM71822626","spotify:user:22fmhktdnoychzqazggsbzgla","2026-06-25T16:02:35Z"
"spotify:track:1AJx5jJQy9pKKxcnHm85RY","Dysfunctional","spotify:artist:4UOlRVifrFdQHW9qu5ep8t","Tech N9ne Collabos","spotify:album:0gtroJqtkBhqDPb6cQTOhJ","Sickology 101","spotify:artist:4UOlRVifrFdQHW9qu5ep8t","Tech N9ne Collabos","2009-05-19","https://i.scdn.co/image/ab67616d0000b27349440f89d229d070b504be74","1","13","240173","https://p.scdn.co/mp3-preview/1a83105f02085df973a907e83bd9e88ac7f1cbc1?cid=9950ac751e34487dbbe027c4fd7f8e99","true","64","USZXT0910138","spotify:user:22fmhktdnoychzqazggsbzgla","2026-06-25T16:02:35Z"
"spotify:track:5QcECtCqFmLqY81oLE9c0t","Restore","spotify:artist:56mXBoiHYV9QEJxHS5TPk3","Donbor","spotify:album:0YIlGbKwJN5E8xRrSKtmRz","Restore","spotify:artist:56mXBoiHYV9QEJxHS5TPk3","Donbor","2022-02-03","https://i.scdn.co/image/ab67616d0000b2738be5cceb0f54e62a32114f42","1","6","196996","https://p.scdn.co/mp3-preview/0d5d1750541c78024b0e77829ab1937e17b082c0?cid=9950ac751e34487dbbe027c4fd7f8e99","false","42","QZDA81972715","spotify:user:22fmhktdnoychzqazggsbzgla","2026-06-25T16:02:35Z"
"spotify:track:4rSSrsKQd4acT1WmjCjLbM","Secrets","spotify:artist:1sBt5pbb0tW8VjLpmKXyLj","Soner Karaca","spotify:album:4h1wgdRHO4pFwO6zqk3C5g","Secrets","spotify:artist:1sBt5pbb0tW8VjLpmKXyLj","Soner Karaca","2022-06-13","https://i.scdn.co/image/ab67616d0000b2732e60aac5f8cf7de85787cc02","1","1","225343","https://p.scdn.co/mp3-preview/7f09ab8251ae57329a9dd5335ced411a291ef77d?cid=9950ac751e34487dbbe027c4fd7f8e99","false","0","QM6N22233682","spotify:user:22fmhktdnoychzqazggsbzgla","2026-06-25T16:02:35Z"
"spotify:track:02zFk3c748KgXfqaIgnDgL","Lowlife","spotify:artist:7ymrIsmp4vE7vAtcS12J4D","Adam Jensen","spotify:album:4qZXl24hGMV9g46RvjbRS3","Lowlife","spotify:artist:7ymrIsmp4vE7vAtcS12J4D","Adam Jensen","2021-01-15","https://i.scdn.co/image/ab67616d0000b27330b47f56cad0c877541b55ea","1","1","192044","https://p.scdn.co/mp3-preview/95da33cc987f35a8dfd9aa87c7cc13831e09ee90?cid=9950ac751e34487dbbe027c4fd7f8e99","false","47","TCAFI2173055","spotify:user:22fmhktdnoychzqazggsbzgla","2026-06-25T16:02:35Z"
"spotify:track:5glXTXNIkUMLIDJVMEBLFQ","The Stickup (feat. Skrizzly Adams)","spotify:artist:3IstlZaHyUP9SONpulb4SM, spotify:artist:6cHNKcqDykgDCRgnvKdSfK","Chris Webby, Skrizzly Adams","spotify:album:0hIgt9h9ZAfNFVcYzSG7CQ","Wednesday","spotify:artist:3IstlZaHyUP9SONpulb4SM","Chris Webby","2017-12-20","https://i.scdn.co/image/ab67616d0000b273af5fa4b38c3d9079732cc117","1","7","203333","https://p.scdn.co/mp3-preview/b785b1cf01113bfe6aee4ddb727218f2662f7887?cid=9950ac751e34487dbbe027c4fd7f8e99","true","51","USLD91702560","spotify:user:22fmhktdnoychzqazggsbzgla","2026-06-25T16:02:35Z"
"spotify:track:7CuXB3Dr61IvDFEWfqG3sE","More","spotify:artist:5wMlMjOLeJfS5DfxqGfm83, spotify:artist:0Zw91yH74OemLqD4rHn96K","Jan Blomqvist, Elena Pitoulis","spotify:album:7DAyAlObwl5f8mcrqFCeWm","More","spotify:artist:5wMlMjOLeJfS5DfxqGfm83, spotify:artist:0Zw91yH74OemLqD4rHn96K","Jan Blomqvist, Elena Pitoulis","2016-02-05","https://i.scdn.co/image/ab67616d0000b2735a7ee69a5ef37a463ce18abd","1","1","216699","https://p.scdn.co/mp3-preview/7113b84f281e8e77405ecf9765dbc4ced09568cd?cid=9950ac751e34487dbbe027c4fd7f8e99","false","63","NLF711600141","spotify:user:22fmhktdnoychzqazggsbzgla","2026-06-25T16:02:35Z"
"spotify:track:4ci94ts6g5ARTSxuL4FBfc","Black","spotify:artist:4TNGfFnQkF1bMxEHEyXhby, spotify:artist:0RzusDmDJOmbLWvNvIaE8a","Drahonn, Anna Krishtal","spotify:album:3w3sxMN7XMEmAHMcP6QT3r","Black","spotify:artist:4TNGfFnQkF1bMxEHEyXhby","Drahonn","2018-02-02","https://i.scdn.co/image/ab67616d0000b27385817d86c1993621dee3ae24","1","1","120000","https://p.scdn.co/mp3-preview/cf30e1819446f5887ce76666641fbedd2e99eddb?cid=9950ac751e34487dbbe027c4fd7f8e99","false","0","QZGWW1980581","spotify:user:22fmhktdnoychzqazggsbzgla","2026-06-25T16:02:35Z"
"spotify:track:4Eje1P54bBT9sp8jez0QAb","Gaining Control","spotify:artist:7JYVVIJHFX48ERG4Wt6HJz, spotify:artist:6PlfrUehMgLpBPdqVTuhSL","Moeazy, Hloy","spotify:album:0UPjOKT6u4OUIeRRZNWWRA","Gaining Control","spotify:artist:7JYVVIJHFX48ERG4Wt6HJz","Moeazy","2019-12-06","https://i.scdn.co/image/ab67616d0000b2732a563074726cdc2cfd477702","1","1","215100","https://p.scdn.co/mp3-preview/1f156a8ec782536ac5aeb7eaa3913dbceb00491b?cid=9950ac751e34487dbbe027c4fd7f8e99","true","5","QZHNC1948072","spotify:user:22fmhktdnoychzqazggsbzgla","2026-06-25T16:02:35Z"
"spotify:track:0nbXyq5TXYPCO7pr3N8S4I","The Box","spotify:artist:757aE44tKEUQEqRuT6GnEB","Roddy Ricch","spotify:album:52u4anZbHd6UInnmHRFzba","Please Excuse Me for Being Antisocial","spotify:artist:757aE44tKEUQEqRuT6GnEB","Roddy Ricch","2019-12-06","https://i.scdn.co/image/ab67616d0000b273820b43679aab8d3b47001f9c","1","2","196652","https://p.scdn.co/mp3-preview/c2e26475d5f9c9ab6556cbd7ccb793d5ddb60378?cid=9950ac751e34487dbbe027c4fd7f8e99","true","86","USAT21906978","spotify:user:22fmhktdnoychzqazggsbzgla","2026-06-25T16:02:35Z"
"spotify:track:0c5s8JBDAUBykj4oDfME6F","In Between","spotify:artist:5aCO7p9hAgkL2C6TCr93v5","Anton Fargau Petrini","spotify:album:0ML7EPBAJA64zESgnuyF2h","In Between","spotify:artist:5aCO7p9hAgkL2C6TCr93v5","Anton Fargau Petrini","2020-05-22","https://i.scdn.co/image/ab67616d0000b2739bf69f81357089446946c322","1","1","185303","https://p.scdn.co/mp3-preview/7f07de0226fb98c6798e378b5bc401a080d5d0d3?cid=9950ac751e34487dbbe027c4fd7f8e99","false","42","QM6MZ2029733","spotify:user:22fmhktdnoychzqazggsbzgla","2026-06-25T16:02:35Z"
"spotify:track:5H95n43z0KFcXGCEc0ewe1","Pieces","spotify:artist:5oJvmyeWzyeahRtjup3Oys","AVAION","spotify:album:3UuTomNtncKiqwsZeakbPj","Pieces","spotify:artist:5oJvmyeWzyeahRtjup3Oys","AVAION","2019-11-15","https://i.scdn.co/image/ab67616d0000b273c73fbc3c168eeb3b31d3e0bc","1","1","195030","https://p.scdn.co/mp3-preview/0cf84183a651db0db4556cfe335719f5af866d75?cid=9950ac751e34487dbbe027c4fd7f8e99","false","64","DEA811900592","spotify:user:22fmhktdnoychzqazggsbzgla","2026-06-25T16:02:35Z"
"spotify:track:0LpgphRw8BvqTOwHXGDR84","Never Leave Your Guns Behind","spotify:artist:0ChjBYedhZTQnWZWQYg15U","Bryan Martin","spotify:album:7kkXBo9F0PBrR6s2iNaT1c","Old Henry (Original Motion Picture Soundtrack)","spotify:artist:0LyfQWJT6nXafLPZqxe9Of","Various Artists","2021-10-01","https://i.scdn.co/image/ab67616d0000b273f3e6734bf00a8af5bce0ed83","1","2","166846","https://p.scdn.co/mp3-preview/7a7326b3cd6b9b366842058781ea2c180dd1cf03?cid=9950ac751e34487dbbe027c4fd7f8e99","false","51","QMDPP2101328","spotify:user:22fmhktdnoychzqazggsbzgla","2026-06-25T16:02:35Z"
"spotify:track:57ZNblR6wr9Awmm0I8a9qb","Thin Glass","spotify:artist:1lAvOODEAbUI5b51WRBbdx, spotify:artist:0j1Pwmd6nuk0BXD1RqoHDw","Darci, RMR","spotify:album:2JCIdveMkl6k4YdAqEMEBx","Escape Cycle","spotify:artist:1lAvOODEAbUI5b51WRBbdx","Darci","2023-08-25","https://i.scdn.co/image/ab67616d0000b273d19e33e41958900194c7e27b","1","3","192000","https://p.scdn.co/mp3-preview/b49a7c19ae5b0e4db29658cd91dfc3196c29c4c9?cid=9950ac751e34487dbbe027c4fd7f8e99","true","44","QM24S2203423","spotify:user:22fmhktdnoychzqazggsbzgla","2026-06-25T16:02:35Z"
"spotify:track:3GFG7XGffpxdyeoGieoLYH","Drown","spotify:artist:2qXdWxAoaKkHcRtriLCZ5V","Enzo","spotify:album:5IXXY7lMey5P03FiDTWFpJ","Drown","spotify:artist:2qXdWxAoaKkHcRtriLCZ5V","Enzo","2019-10-29","https://i.scdn.co/image/ab67616d0000b27309415bc3492e4c2d35cd9b32","1","1","145461","https://p.scdn.co/mp3-preview/180b7bb221b55dc72c948c19d065bbe890aa5f98?cid=9950ac751e34487dbbe027c4fd7f8e99","true","25","QZHN91940922","spotify:user:22fmhktdnoychzqazggsbzgla","2026-06-25T16:02:35Z"
"spotify:track:0TiTu2QSkFOLecuL3MzFaL","Let Me Go","spotify:artist:61lyPtntblHJvA7FMMhi7E, spotify:artist:2KjAo6wVc9d2WcxdxSArpV","Duke Dumont, RY X","spotify:album:6AlOjPdNpM41lMVSjjsrUM","Duality","spotify:artist:61lyPtntblHJvA7FMMhi7E","Duke Dumont","2020-04-17","https://i.scdn.co/image/ab67616d0000b2733ce84b2c05a3bac3d48c8217","1","10","366117","https://p.scdn.co/mp3-preview/03ee9dd79a772349f629e65fb48115d6d862e695?cid=9950ac751e34487dbbe027c4fd7f8e99","false","35","GBUM72000312","spotify:user:22fmhktdnoychzqazggsbzgla","2026-06-25T16:02:35Z"
"spotify:track:6AgN8BrRPwYj2EH1QziDVN","Won't","spotify:artist:1lAvOODEAbUI5b51WRBbdx","Darci","spotify:album:5DigMMO0lEIYPPeCsXIKVA","Won't","spotify:artist:1lAvOODEAbUI5b51WRBbdx","Darci","2018-11-14","https://i.scdn.co/image/ab67616d0000b2736853a06da9b7736895a301e4","1","1","186748","https://p.scdn.co/mp3-preview/03cc4b6627a3cfd27f0e8f192e56322babd10677?cid=9950ac751e34487dbbe027c4fd7f8e99","false","56","USAT21811903","spotify:user:22fmhktdnoychzqazggsbzgla","2026-06-25T16:02:35Z"
"spotify:track:6cwBRJuk5f6O4e8Exl6aeI","Uebok - YMIR Remix","spotify:artist:1fd3fmwlhrDl2U5wbbPQYN, spotify:artist:7MxaflmSZI1igZLk7Rg2LD, spotify:artist:2SeRP5iAIhVec4azKHJzjX","Apashe, YMIR, INSTASAMKA","spotify:album:7pobtMNmHnC5ur9IHdLVfj","Uebok (YMIR Remix)","spotify:artist:1fd3fmwlhrDl2U5wbbPQYN, spotify:artist:7MxaflmSZI1igZLk7Rg2LD","Apashe, YMIR","2021-02-04","https://i.scdn.co/image/ab67616d0000b2732b11b480004fc1e4ad9224dd","1","1","261000","https://p.scdn.co/mp3-preview/24b03bc4036c2284a54a28fc569666fd2a0d8f49?cid=9950ac751e34487dbbe027c4fd7f8e99","true","35","CA5KR2131909","spotify:user:22fmhktdnoychzqazggsbzgla","2026-06-25T16:02:35Z"
"spotify:track:6CyoMFZcnFzoeiHBu5R32E","The End","spotify:artist:3k4Tgw8lb1CtDAiErniQu1","JPOLND","spotify:album:49JRrZWN4IYzqXtKZk0BPj","The End","spotify:artist:3k4Tgw8lb1CtDAiErniQu1","JPOLND","2020-12-25","https://i.scdn.co/image/ab67616d0000b27318142fbbb003013868fb6126","1","1","215217","https://p.scdn.co/mp3-preview/4ee75c029c5cb7dee238d8eb3b186f2e9e912e79?cid=9950ac751e34487dbbe027c4fd7f8e99","false","60","QMGR32242862","spotify:user:22fmhktdnoychzqazggsbzgla","2026-06-25T16:02:35Z"
"spotify:track:4YPR1YdTdvDUvuQxURHbjk","Painting Greys","spotify:artist:3VVLqeEqQQqTgT8YhfY9Z6","Emmit Fenn","spotify:album:203jJuBzKwSKkm88Rxnm0t","Prologue","spotify:artist:3VVLqeEqQQqTgT8YhfY9Z6","Emmit Fenn","2017-06-21","https://i.scdn.co/image/ab67616d0000b273e6723b191022d23b7ffc650e","1","4","227368","https://p.scdn.co/mp3-preview/65d9b731999f073067a3db1d1a651d4736ff5487?cid=9950ac751e34487dbbe027c4fd7f8e99","false","0","TCACM1612307","spotify:user:22fmhktdnoychzqazggsbzgla","2026-06-25T16:02:35Z"
"spotify:track:66ash4omwbu5RDror4FLf9","Easy On Me","spotify:artist:1ofSWY1Dtwvgqdi7LrryUC, spotify:artist:2jMrJ6otcTz1qNaGHywcvL","Wazad, Alieah","spotify:album:1yAk41smC9hEJxX23wxXGr","Easy On Me","spotify:artist:1ofSWY1Dtwvgqdi7LrryUC, spotify:artist:2jMrJ6otcTz1qNaGHywcvL","Wazad, Alieah","2022-01-27","https://i.scdn.co/image/ab67616d0000b273f907a35db924c25ffa01b859","1","1","248274","https://p.scdn.co/mp3-preview/e2b0063230b838f9439e780285e864f77c4fa148?cid=9950ac751e34487dbbe027c4fd7f8e99","false","31","QZPLS2176862","spotify:user:22fmhktdnoychzqazggsbzgla","2026-06-25T16:02:35Z"
"spotify:track:1PYc4yYPtebUNJiXaA4c5k","The Fear","spotify:artist:61lyPtntblHJvA7FMMhi7E, spotify:artist:1KlUwB6uFECMC3zzvFvykx","Duke Dumont, Niia","spotify:album:6AlOjPdNpM41lMVSjjsrUM","Duality","spotify:artist:61lyPtntblHJvA7FMMhi7E","Duke Dumont","2020-04-17","https://i.scdn.co/image/ab67616d0000b2733ce84b2c05a3bac3d48c8217","1","4","247680","https://p.scdn.co/mp3-preview/378e830c16852996cc6b9ab70860befde2554282?cid=9950ac751e34487dbbe027c4fd7f8e99","false","42","GBUM72000316","spotify:user:22fmhktdnoychzqazggsbzgla","2026-06-25T16:02:35Z"
"spotify:track:1XBGTp6OqwYaYhemH3aMKT","E","spotify:artist:3l130bxGOP8cZMezRc13Xk","Matt Mason","spotify:album:2sMg0bLTdmmYLrBp378LG2","The Writers Collection Volume One","spotify:artist:3l130bxGOP8cZMezRc13Xk","Matt Mason","2017-04-21","https://i.scdn.co/image/ab67616d0000b2732e473d0c15781f001ccd4ea0","1","5","228826","https://p.scdn.co/mp3-preview/a3bec554a5073af9590cda2186032a8851e7d456?cid=9950ac751e34487dbbe027c4fd7f8e99","false","65","TCABP1387749","spotify:user:22fmhktdnoychzqazggsbzgla","2026-06-25T16:02:35Z"
"spotify:track:00Blm7zeNqgYLPtW6zg8cj","One Right Now (with The Weeknd)","spotify:artist:246dkjvS1zLTtiykXe5h60, spotify:artist:1Xyo4u8uXC1ZmMpatF05PJ","Post Malone, The Weeknd","spotify:album:6fgSKdHloRioPrZ9oJC7FH","One Right Now","spotify:artist:246dkjvS1zLTtiykXe5h60, spotify:artist:1Xyo4u8uXC1ZmMpatF05PJ","Post Malone, The Weeknd","2021-11-05","https://i.scdn.co/image/ab67616d0000b2734158fe41143182ec16ead070","1","1","193506","https://p.scdn.co/mp3-preview/d76afe441ebf5e528dc1d67e55b6cc39b9bd3f6d?cid=9950ac751e34487dbbe027c4fd7f8e99","true","70","USUM72120404","spotify:user:22fmhktdnoychzqazggsbzgla","2026-06-25T16:02:35Z"
"spotify:track:1AfA0K7BLxceH7PjzcZdZc","Slow Burn","spotify:artist:5jm3x1qIibWdKSEMw2G011, spotify:artist:5wr3WZArcItaxXddR07nJv","Moksi, Elayna Boynton","spotify:album:4lsszip8gEvULzZTTThGnS","The Return of House Music","spotify:artist:5jm3x1qIibWdKSEMw2G011","Moksi","2019-08-02","https://i.scdn.co/image/ab67616d0000b2737633bacd1df5c4cff71c4240","1","6","244302","https://p.scdn.co/mp3-preview/9554868f16a81369fcc9094fe92e3d364b37564c?cid=9950ac751e34487dbbe027c4fd7f8e99","false","53","USA2P1936750","spotify:user:22fmhktdnoychzqazggsbzgla","2026-06-25T16:02:35Z"
"spotify:track:7C6gX2nAN3BGhKQ5MSmIF8","Already Broken","spotify:artist:4ruYOMH6odMGzBr19loIMg","Levi Bloom","spotify:album:63qk14cmONKWBuFN30GEXT","Already Broken","spotify:artist:4ruYOMH6odMGzBr19loIMg","Levi Bloom","2022-04-20","https://i.scdn.co/image/ab67616d0000b2734d908df2c2805a5e43b270d2","1","1","190418","https://p.scdn.co/mp3-preview/cb9bc2753e0761f03ba04f8629e681a1cab3275a?cid=9950ac751e34487dbbe027c4fd7f8e99","false","42","QZES92289765","spotify:user:22fmhktdnoychzqazggsbzgla","2026-06-25T16:02:35Z"
"spotify:track:3YmiIqDgrq1zPVF2uPMKpo","Let You Go - A-Trak Remix","spotify:artist:69GGBxA162lTqCwzJG5jLp, spotify:artist:422RLznpwUa5FsQgnTlgUH","The Chainsmokers, Great Good Fine Ok","spotify:album:5S2kkIO3TuFCXqRG7hqJst","Let You Go (A-Trak Remix)","spotify:artist:69GGBxA162lTqCwzJG5jLp","The Chainsmokers","2015-06-05","https://i.scdn.co/image/ab67616d0000b273dbee1a969b3fae77b3b7c47f","1","1","266613","https://p.scdn.co/mp3-preview/c899108b11c674f7b5a2c0c7cccc7758e78a1034?cid=9950ac751e34487dbbe027c4fd7f8e99","false","41","USDM31572101","spotify:user:22fmhktdnoychzqazggsbzgla","2026-06-25T16:02:35Z"
"spotify:track:6EtKlIQmGPB9SX8UjDJG5s","Formula (From ""Euphoria: Season 1"" Soundtrack)","spotify:artist:2feDdbD5araYcm6JhFHHw7","Labrinth","spotify:album:788r22Bhr3IHLTNPy8pZea","Euphoria (Original Score from the HBO Series)","spotify:artist:2feDdbD5araYcm6JhFHHw7","Labrinth","2019-10-04","https://i.scdn.co/image/ab67616d0000b27389c39ba1acdf33ed7acd3867","1","2","91869","https://p.scdn.co/mp3-preview/faaeebc2db23f01503c2ed82405965f0a20abf83?cid=9950ac751e34487dbbe027c4fd7f8e99","false","81","USQX91902497","spotify:user:22fmhktdnoychzqazggsbzgla","2026-06-25T16:02:35Z"
"spotify:track:4t1dkVSUytQdV6VstXWPmN","California Dreaming (feat. Paul Rey)","spotify:artist:7vUJCRmF1if4uhMp2V3tRP, spotify:artist:5FjiYgLczmrP2j1gijAGWp","Arman Cekin, Paul Rey","spotify:album:3t6oUKuky9pJWjnmiavlmK","California Dreaming (feat. Paul Rey)","spotify:artist:7vUJCRmF1if4uhMp2V3tRP","Arman Cekin","2016-12-23","https://i.scdn.co/image/ab67616d0000b2738ba18661307555a675fc3754","1","1","186006","https://p.scdn.co/mp3-preview/bc435353f7253a621a7f626d1992071c3d670ff8?cid=9950ac751e34487dbbe027c4fd7f8e99","true","43","TCACP1638089","spotify:user:22fmhktdnoychzqazggsbzgla","2026-06-25T16:02:35Z"
"spotify:track:6u7SZVtNKQr7bt4SEXlF3V","Drive (Mt. Eden Remix)","spotify:artist:14rP13jdQNgQvuPA2AkBgm, spotify:artist:3YAy9OUnnRsk2JLTaOLcw2","Glades, Mt. Eden","spotify:album:6Mg3zuftFfXJV3OLoDenQc","Drive (Mt. Eden Remix)","spotify:artist:14rP13jdQNgQvuPA2AkBgm, spotify:artist:3YAy9OUnnRsk2JLTaOLcw2","Glades, Mt. Eden","2016-04-01","https://i.scdn.co/image/ab67616d0000b273034ebcf4901141567824da15","1","1","206250","https://p.scdn.co/mp3-preview/ea1ae9a7f54ebf69173e956694ef2840b959957b?cid=9950ac751e34487dbbe027c4fd7f8e99","false","18","TCACN1632035","spotify:user:22fmhktdnoychzqazggsbzgla","2026-06-25T16:02:35Z"
"spotify:track:57ebBLITHpRgRKGrlbxMZS","Faithfully","spotify:artist:0rvjqX7ttXeg3mTy8Xscbt","Journey","spotify:album:2EFUNYmwxe0AOGxBORrfaw","Frontiers","spotify:artist:0rvjqX7ttXeg3mTy8Xscbt","Journey","1983-02-22","https://i.scdn.co/image/ab67616d0000b273b9021ad16733196aacf253c1","1","5","267080","https://p.scdn.co/mp3-preview/86485d1c5f51d4bfd89e3822059bd690e03ff0fd?cid=9950ac751e34487dbbe027c4fd7f8e99","false","2","USSM18300110","spotify:user:22fmhktdnoychzqazggsbzgla","2026-06-25T16:02:35Z"
"spotify:track:5YrzUzJvEV2nsZ9d2q9s8G","Let Me In","spotify:artist:4aKdmOXdUKX07HVd3sGgzw, spotify:artist:4fHFFvChjfjG7sAseTwiXd","Rezz, fknsyd","spotify:album:45mSRVs0LHBWnFWlKnCbW7","Let Me In","spotify:artist:4aKdmOXdUKX07HVd3sGgzw, spotify:artist:4fHFFvChjfjG7sAseTwiXd","Rezz, fknsyd","2021-10-01","https://i.scdn.co/image/ab67616d0000b273aa475b930ecccbb7b1ed2c0f","1","1","208192","https://p.scdn.co/mp3-preview/31be598de857dff6616bf283a85acab3ccf4e725?cid=9950ac751e34487dbbe027c4fd7f8e99","false","35","USRC12102747","spotify:user:22fmhktdnoychzqazggsbzgla","2026-06-25T16:02:35Z"
"spotify:track:2H7F7EfsVhy0jNLsVz8MLH","Paris","spotify:artist:2tUUqZeqBYInHt3aDp3a1B","Else","spotify:album:3VZSHfMooekIWZFgymsD4m","Paris","spotify:artist:2tUUqZeqBYInHt3aDp3a1B","Else","2016-04-19","https://i.scdn.co/image/ab67616d0000b2734ddf4df172bd6c51173989e9","1","1","209708","https://p.scdn.co/mp3-preview/a7399efdb235ae41f7ccf014266cda48ec3ec895?cid=9950ac751e34487dbbe027c4fd7f8e99","false","63","FR7JK1600001","spotify:user:22fmhktdnoychzqazggsbzgla","2026-06-25T16:02:35Z"
"spotify:track:0hUjW8abCqrRDzZhNDY887","Mind of a Beast","spotify:artist:3a9qv6NLHnsVxJUtKOMHvD","The Glitch Mob","spotify:album:1g03ut9FlCdvFbOcSvUxjs","Love Death Immortality","spotify:artist:3a9qv6NLHnsVxJUtKOMHvD","The Glitch Mob","2014-02-11","https://i.scdn.co/image/ab67616d0000b273d947ce7963703f73579ce977","1","1","256982","https://p.scdn.co/mp3-preview/1ce08e55b2c87c838bbe7b7049c354d5917be845?cid=9950ac751e34487dbbe027c4fd7f8e99","false","41","QMBZ91303405","spotify:user:22fmhktdnoychzqazggsbzgla","2026-06-25T16:02:35Z"
